{
  "hash": "970dc50b",
  "configHash": "a5b5dadb",
  "lockfileHash": "f925a39a",
  "browserHash": "f31a4f7b",
  "optimized": {
    "@angular/cdk/drag-drop": {
      "src": "../../../../../node_modules/@angular/cdk/fesm2022/drag-drop.mjs",
      "file": "@angular_cdk_drag-drop.js",
      "fileHash": "be601f8c",
      "needsInterop": false
    },
    "@angular/common": {
      "src": "../../../../../node_modules/@angular/common/fesm2022/common.mjs",
      "file": "@angular_common.js",
      "fileHash": "78100829",
      "needsInterop": false
    },
    "@angular/core": {
      "src": "../../../../../node_modules/@angular/core/fesm2022/core.mjs",
      "file": "@angular_core.js",
      "fileHash": "ebca69bf",
      "needsInterop": false
    },
    "@angular/forms": {
      "src": "../../../../../node_modules/@angular/forms/fesm2022/forms.mjs",
      "file": "@angular_forms.js",
      "fileHash": "cc6b2cb5",
      "needsInterop": false
    },
    "@angular/material/button": {
      "src": "../../../../../node_modules/@angular/material/fesm2022/button.mjs",
      "file": "@angular_material_button.js",
      "fileHash": "1e40b544",
      "needsInterop": false
    },
    "@angular/material/core": {
      "src": "../../../../../node_modules/@angular/material/fesm2022/core.mjs",
      "file": "@angular_material_core.js",
      "fileHash": "7a52b13b",
      "needsInterop": false
    },
    "@angular/material/datepicker": {
      "src": "../../../../../node_modules/@angular/material/fesm2022/datepicker.mjs",
      "file": "@angular_material_datepicker.js",
      "fileHash": "f5b2fe6e",
      "needsInterop": false
    },
    "@angular/material/form-field": {
      "src": "../../../../../node_modules/@angular/material/fesm2022/form-field.mjs",
      "file": "@angular_material_form-field.js",
      "fileHash": "67c946d3",
      "needsInterop": false
    },
    "@angular/material/icon": {
      "src": "../../../../../node_modules/@angular/material/fesm2022/icon.mjs",
      "file": "@angular_material_icon.js",
      "fileHash": "ee934350",
      "needsInterop": false
    },
    "@angular/material/input": {
      "src": "../../../../../node_modules/@angular/material/fesm2022/input.mjs",
      "file": "@angular_material_input.js",
      "fileHash": "792dad2a",
      "needsInterop": false
    },
    "@angular/material/select": {
      "src": "../../../../../node_modules/@angular/material/fesm2022/select.mjs",
      "file": "@angular_material_select.js",
      "fileHash": "c995390f",
      "needsInterop": false
    },
    "@angular/platform-browser": {
      "src": "../../../../../node_modules/@angular/platform-browser/fesm2022/platform-browser.mjs",
      "file": "@angular_platform-browser.js",
      "fileHash": "a2ce4190",
      "needsInterop": false
    },
    "@angular/platform-browser/animations/async": {
      "src": "../../../../../node_modules/@angular/platform-browser/fesm2022/animations/async.mjs",
      "file": "@angular_platform-browser_animations_async.js",
      "fileHash": "ab2951e2",
      "needsInterop": false
    },
    "@angular/platform-server": {
      "src": "../../../../../node_modules/@angular/platform-server/fesm2022/platform-server.mjs",
      "file": "@angular_platform-server.js",
      "fileHash": "5b749942",
      "needsInterop": false
    },
    "@angular/router": {
      "src": "../../../../../node_modules/@angular/router/fesm2022/router.mjs",
      "file": "@angular_router.js",
      "fileHash": "9269be14",
      "needsInterop": false
    },
    "ngx-material-timepicker": {
      "src": "../../../../../node_modules/ngx-material-timepicker/fesm2015/ngx-material-timepicker.js",
      "file": "ngx-material-timepicker.js",
      "fileHash": "fcf1762d",
      "needsInterop": false
    },
    "rxjs/operators": {
      "src": "../../../../../node_modules/rxjs/dist/cjs/operators/index.js",
      "file": "rxjs_operators.js",
      "fileHash": "c08f49bc",
      "needsInterop": true
    }
  },
  "chunks": {
    "browser-4NILTZZA": {
      "file": "browser-4NILTZZA.js"
    },
    "xhr2-AQ42KH57": {
      "file": "xhr2-AQ42KH57.js"
    },
    "chunk-7XD7UUMJ": {
      "file": "chunk-7XD7UUMJ.js"
    },
    "chunk-3GHG3ZY2": {
      "file": "chunk-3GHG3ZY2.js"
    },
    "chunk-E5N6JU75": {
      "file": "chunk-E5N6JU75.js"
    },
    "chunk-SYH3QFBL": {
      "file": "chunk-SYH3QFBL.js"
    },
    "chunk-UJWHFOOQ": {
      "file": "chunk-UJWHFOOQ.js"
    },
    "chunk-LMJML5OV": {
      "file": "chunk-LMJML5OV.js"
    },
    "chunk-M2IMWJAE": {
      "file": "chunk-M2IMWJAE.js"
    },
    "chunk-MSCMNFXZ": {
      "file": "chunk-MSCMNFXZ.js"
    },
    "chunk-SCKKU7VE": {
      "file": "chunk-SCKKU7VE.js"
    },
    "chunk-BJENMSMM": {
      "file": "chunk-BJENMSMM.js"
    },
    "chunk-5N77VNM2": {
      "file": "chunk-5N77VNM2.js"
    },
    "chunk-QB64OUEW": {
      "file": "chunk-QB64OUEW.js"
    },
    "chunk-KGCSKLGS": {
      "file": "chunk-KGCSKLGS.js"
    },
    "chunk-Q5BPYVZH": {
      "file": "chunk-Q5BPYVZH.js"
    },
    "chunk-NQ4HTGF6": {
      "file": "chunk-NQ4HTGF6.js"
    }
  }
}