{
  "hash": "04624fe9",
  "configHash": "95275d45",
  "lockfileHash": "f925a39a",
  "browserHash": "54c75950",
  "optimized": {
    "@angular/cdk/drag-drop": {
      "src": "../../../../../node_modules/@angular/cdk/fesm2022/drag-drop.mjs",
      "file": "@angular_cdk_drag-drop.js",
      "fileHash": "83ebe2cb",
      "needsInterop": false
    },
    "@angular/common": {
      "src": "../../../../../node_modules/@angular/common/fesm2022/common.mjs",
      "file": "@angular_common.js",
      "fileHash": "c05d2b61",
      "needsInterop": false
    },
    "@angular/core": {
      "src": "../../../../../node_modules/@angular/core/fesm2022/core.mjs",
      "file": "@angular_core.js",
      "fileHash": "361a5873",
      "needsInterop": false
    },
    "@angular/forms": {
      "src": "../../../../../node_modules/@angular/forms/fesm2022/forms.mjs",
      "file": "@angular_forms.js",
      "fileHash": "8f9c1d2b",
      "needsInterop": false
    },
    "@angular/material/button": {
      "src": "../../../../../node_modules/@angular/material/fesm2022/button.mjs",
      "file": "@angular_material_button.js",
      "fileHash": "5e5edb86",
      "needsInterop": false
    },
    "@angular/material/core": {
      "src": "../../../../../node_modules/@angular/material/fesm2022/core.mjs",
      "file": "@angular_material_core.js",
      "fileHash": "8654eea8",
      "needsInterop": false
    },
    "@angular/material/datepicker": {
      "src": "../../../../../node_modules/@angular/material/fesm2022/datepicker.mjs",
      "file": "@angular_material_datepicker.js",
      "fileHash": "0ed8ac98",
      "needsInterop": false
    },
    "@angular/material/form-field": {
      "src": "../../../../../node_modules/@angular/material/fesm2022/form-field.mjs",
      "file": "@angular_material_form-field.js",
      "fileHash": "4b6b9b80",
      "needsInterop": false
    },
    "@angular/material/icon": {
      "src": "../../../../../node_modules/@angular/material/fesm2022/icon.mjs",
      "file": "@angular_material_icon.js",
      "fileHash": "d889c0b5",
      "needsInterop": false
    },
    "@angular/material/input": {
      "src": "../../../../../node_modules/@angular/material/fesm2022/input.mjs",
      "file": "@angular_material_input.js",
      "fileHash": "452e1848",
      "needsInterop": false
    },
    "@angular/material/select": {
      "src": "../../../../../node_modules/@angular/material/fesm2022/select.mjs",
      "file": "@angular_material_select.js",
      "fileHash": "b4bc307c",
      "needsInterop": false
    },
    "@angular/platform-browser": {
      "src": "../../../../../node_modules/@angular/platform-browser/fesm2022/platform-browser.mjs",
      "file": "@angular_platform-browser.js",
      "fileHash": "759a23ff",
      "needsInterop": false
    },
    "@angular/platform-browser/animations/async": {
      "src": "../../../../../node_modules/@angular/platform-browser/fesm2022/animations/async.mjs",
      "file": "@angular_platform-browser_animations_async.js",
      "fileHash": "4be4a8f0",
      "needsInterop": false
    },
    "@angular/router": {
      "src": "../../../../../node_modules/@angular/router/fesm2022/router.mjs",
      "file": "@angular_router.js",
      "fileHash": "771223bf",
      "needsInterop": false
    },
    "ngx-material-timepicker": {
      "src": "../../../../../node_modules/ngx-material-timepicker/fesm2015/ngx-material-timepicker.js",
      "file": "ngx-material-timepicker.js",
      "fileHash": "9ca1510f",
      "needsInterop": false
    },
    "rxjs/operators": {
      "src": "../../../../../node_modules/rxjs/dist/esm5/operators/index.js",
      "file": "rxjs_operators.js",
      "fileHash": "cc405f4c",
      "needsInterop": false
    }
  },
  "chunks": {
    "browser-PB37VI4M": {
      "file": "browser-PB37VI4M.js"
    },
    "chunk-ZISFAFYB": {
      "file": "chunk-ZISFAFYB.js"
    },
    "chunk-6NLZBBUR": {
      "file": "chunk-6NLZBBUR.js"
    },
    "chunk-CNSGDCXT": {
      "file": "chunk-CNSGDCXT.js"
    },
    "chunk-D7GU7DQT": {
      "file": "chunk-D7GU7DQT.js"
    },
    "chunk-GCDOC6FO": {
      "file": "chunk-GCDOC6FO.js"
    },
    "chunk-DOSUBFFG": {
      "file": "chunk-DOSUBFFG.js"
    },
    "chunk-APVSWG7Z": {
      "file": "chunk-APVSWG7Z.js"
    },
    "chunk-OA4SXORL": {
      "file": "chunk-OA4SXORL.js"
    },
    "chunk-CBN253EI": {
      "file": "chunk-CBN253EI.js"
    },
    "chunk-DN34CHOM": {
      "file": "chunk-DN34CHOM.js"
    },
    "chunk-YGWFGMDE": {
      "file": "chunk-YGWFGMDE.js"
    },
    "chunk-JZSODJ3T": {
      "file": "chunk-JZSODJ3T.js"
    },
    "chunk-I74C7OVX": {
      "file": "chunk-I74C7OVX.js"
    }
  }
}